<Drs_GoldenRealm>

<!-- ~~~~~~~~~~~~~~~~~~~~~~~~~~~~~~~~~~~~~~~~~~~~~~~~~~~~~~~~~~~~~~~~~~ -->
<!-- ~~~~~~~~~~~~~~~~~~LOOT DROP PROBABILITY~~~~~~~~~~~~~~~~~~~~~~~~~~~ -->
<!-- ~~~~~~~~~~~~~~~~~~~~~~~~~~~~~~~~~~~~~~~~~~~~~~~~~~~~~~~~~~~~~~~~~~ -->
	<set xpath="/entity_classes/entity_class[contains(@name, 'zombie')]/property[contains(@name, 'LootDropProb')]/@value">10</set>

<!-- ~~~~~~~~~~~~~~~~~~~~~~~~~~~~~~~~~~~~~~~~~~~~~~~~~~~~~~~~~~~~~~~~~~ -->
<!-- ~~~~~~~~~~~~~~~~~~~~~LOOT DROP TIMESTAY~~~~~~~~~~~~~~~~~~~~~~~~~~~ -->
<!-- ~~~~~~~~~~~~~~~~~~~~~~~~~~~~~~~~~~~~~~~~~~~~~~~~~~~~~~~~~~~~~~~~~~ -->
	<set xpath="/entity_classes/entity_class[contains(@name, 'EntityLoot')]/property[contains(@name, 'TimeStayAfterDeath')]/@value">900</set>

<!-- ~~~~~~~~~~~~~~~~~~~~~~~~~~~~~~~~~~~~~~~~~~~~~~~~~~~~~~~~~~~~~~~~~~ -->
<!-- ~~~~~~~~~~~~~~~~~~~~~~MOVEMENT SPEED~~~~~~~~~~~~~~~~~~~~~~~~~~~~~~ -->
<!-- ~~~~~~~~~~~~~~~~~~~~~~~~~~~~~~~~~~~~~~~~~~~~~~~~~~~~~~~~~~~~~~~~~~ -->	
	<set xpath="/entity_classes/entity_class[@name='playerMale']/effect_group/passive_effect[@name='CrouchSpeed']/@value">1.1</set>
	<set xpath="/entity_classes/entity_class[@name='playerMale']/effect_group/passive_effect[@name='WalkSpeed']/@value">1.2</set>
	<set xpath="/entity_classes/entity_class[@name='playerMale']/effect_group/passive_effect[@name='RunSpeed']/@value">1.5</set>
	
<!-- ~~~~~~~~~~~~~~~~~~~~~~~~~~~~~~~~~~~~~~~~~~~~~~~~~~~~~~~~~~~~~~~~~~ -->
<!-- ~~~~~~~~~~~~~~~~~~OTHER MODDERS ADDITIONS~~~~~~~~~~~~~~~~~~~~~~~~~ -->
<!-- ~~~~~~~~~~~~~~~~~~~~~~~~~~~~~~~~~~~~~~~~~~~~~~~~~~~~~~~~~~~~~~~~~~ -->

<!-- ~~~~~~~~~~~~~~~~~~~~~~~~~~~~~~~~~~~~~~~~~~~~~~~~~~~~~~~~~~~~~~~~~~ -->
<!-- ~~~~~~~~~~~~~~~~~~~~~~~~MANUX QUAD~~~~~~~~~~~~~~~~~~~~~~~~~~~~~~~~ -->
<!-- ~~~~~~~~~~~~~~~~~~~~~~~~~~~~~~~~~~~~~~~~~~~~~~~~~~~~~~~~~~~~~~~~~~ -->
	<append xpath="/entity_classes">
		<entity_class name="manux_vehicleQuad">
			<property name="Tags" value="vehicle,vehicleWeaponGun,vehicleWeaponGrenadeLauncher"/>
			<property name="Class" value="EntityVJeep"/>
			<property name="Parent" value="Cars"/>
			<property name="Prefab" value="#@modfolder:Resources/manux_Quad.unity3d?QuadPrefab_A17.prefab"/>
			<property name="ModelType" value="Standard"/>
			<property name="SurfaceCategory" value="metal"/>
			<property name="IgnoreTrigger" value="true"/>
			<property name="LootListAlive" value="80"/>
			<property name="IsEnemyEntity" value="false"/>
			<property name="Explosion.ParticleIndex" value="6"/>
			<property name="Explosion.RadiusBlocks" value="4"/>
			<property name="Explosion.RadiusEntities" value="4"/>
			<property name="Explosion.BlockDamage" value="50"/>
			<property name="Explosion.EntityDamage" value="50"/>
			<property name="RotateToGround" value="true"/>
			<property name="Faction" value="none"/>
			<property name="MapIcon" value="ui_game_symbol_4x4"/>
			<effect_group>
				<passive_effect name="ModSlots" operation="base_set" value="0,5" tier="1,6"/>
			</effect_group>
		</entity_class>
	 </append>
</Drs_GoldenRealm>