<Drs_GoldenRealm>
<!-- ~~~~~~~~~~~~~~~~~~~~~~~~~~~~~~~~~~~~~~~~~~~~~~~~~~~~~~~~~~~~~~~~~~ -->
<!-- ~~~~~~~~~~~~~~~~~~~~Auto Turret System~~~~~~~~~~~~~~~~~~~~~~~~~~~~ -->
<!-- ~~~~~~~~~~~~~~~~~~~~~~~~~~~~~~~~~~~~~~~~~~~~~~~~~~~~~~~~~~~~~~~~~~ -->
<!--~~~~~~~~~~~~~~~~~~~~~~~~~~~~~~~~~~~~~~~~~~~~~~
		Generic_Turret = in electrical an military containers?
		Calibration_Kit = military containers
		TurretStone		
~~~~~~~~~~~~~~~~~~~~~~~~~~~~~~~~~~~~~~~~~~~~~~~-->

<!-- ~~~~~~~~~~~~~~~~~~~~~~~~~~~~~~~~~~~~~~~~~~~~~~~~~~~~~~~~~~~~~~~~~~ -->
<!-- ~~~~~~~~~~~~~~~~~~~~~~~~~Base Constructor~~~~~~~~~~~~~~~~~~~~~~~~~ -->
<!-- ~~~~~~~~~~~~~~~~~~~~~~~~~~~~~~~~~~~~~~~~~~~~~~~~~~~~~~~~~~~~~~~~~~ -->
<!--	Loot Group Index
questSkillBook
questConstructionBlocks
questConstructionMaterials
questConstructionExtras
questBaseDefense
-->

<append xpath="/lootcontainers" >
<!--	questSkillBook
SkillBook_Advanced_Engineering
SkillBook_Better_Barter
SkillBook_Daring_Adventurer
SkillBook_Grease_Monkey
SkillBook_Hammer_Forge
SkillBook_Loving_Off_The_Land
SkillBook_Lucky_Looter
SkillBook_Master_Chef
SkillBook_Miner_69r
SkillBook_Mother_Lode
SkillBook_Pack_Mule
SkillBook_Physician
SkillBook_Salvage_Operation
SkillBook_Sexual_Trex
SkillBook_Yeah_Science
-->
<lootgroup name="questSkillBook">
	<item name="SkillBook_Advanced_Engineering" count="1" />
	<item name="SkillBook_Better_Barter" count="1" />
	<item name="SkillBook_Daring_Adventurer" count="1" />
	<item name="SkillBook_Grease_Monkey" count="1" />
	<item name="SkillBook_Hammer_Forge" count="1" />
	<item name="SkillBook_Loving_Off_The_Land" count="1" />
	<item name="SkillBook_Lucky_Looter" count="1" />
	<item name="SkillBook_Master_Chef" count="1" />
	<item name="SkillBook_Miner_69r" count="1" />
	<item name="SkillBook_Mother_Lode" count="1" />
	<item name="SkillBook_Pack_Mule" count="1" />
	<item name="SkillBook_Physician" count="1" />
	<item name="SkillBook_Salvage_Operation" count="1" />
	<item name="SkillBook_Sexual_Trex" count="1" />
	<item name="SkillBook_Yeah_Science" count="1" />
</lootgroup>
<!--	questConstructionBlocks
GradeALoot
	rebarFrameBlock
	woodFrameBlock
	flagstoneBlock
	WoodDowelBarsCentered
	WoodDowelBars
GradeBLoot
	scrapIronFrameBlock	
	scrapIronSheet
	cobblestoneBlock
	pouredConcreteBlock
	WroughtIronBarsCentered
	WroughtIronBars		
GradeCLoot
	metalTrussingBlock
	steelLootBarsCentered
	steelLootBars
	steelBlock
-->
<lootgroup name="questConstructionBlocks">
	<item name="woodFrameBlock" count="150,300" prob="0.5" />
	<item name="rebarFrameBlock" count="150,300" loot_prob_template="GradeALoot"/>
	<item name="flagstoneBlock" count="150,300" loot_prob_template="GradeALoot"/>
	<item name="WoodDowelBars" count="25,50"  loot_prob_template="GradeALoot"/>
	<item name="WoodDowelBarsCentered" count="25,50"  loot_prob_template="GradeALoot"/>
	
	<item name="scrapIronFrameBlock" count="150,300" loot_prob_template="GradeBLoot"/>
	<item name="scrapIronSheet" count="150,300" loot_prob_template="GradeBLoot"/>
	<item name="cobblestoneBlock" count="150,300" loot_prob_template="GradeBLoot"/>
	<item name="pouredConcreteBlock" count="150,300" loot_prob_template="GradeBLoot"/>
	<item name="WroughtIronBarsCentered" count="25,50" loot_prob_template="GradeBLoot"/>
	<item name="WroughtIronBars" count="25,50" loot_prob_template="GradeBLoot"/>
	
	<item name="metalTrussingBlock" count="25,50" loot_prob_template="GradeCLoot"/>
	<item name="steelLootBarsCentered" count="25,50" loot_prob_template="GradeCLoot"/>
	<item name="steelLootBars" count="25,50" loot_prob_template="GradeCLoot"/>
	<item name="steelBlock" count="150,300" loot_prob_template="GradeCLoot"/>
</lootgroup>
<!--	questConstructionMaterials
resourceScrapIron
resourceWood
resourceElectricParts
resourceCobblestones
resourceCrushedSand
resourceCement
resourceForgedIron
resourceConcreteMix
resourceForgedSteel
-->
<lootgroup name="questConstructionMaterials">
	<item name="resourceScrapIron" count="150,300" prob="1.0"/>
	<item name="resourceWood" count="500,800" prob="1.0"/>
	<item name="resourceElectricParts" count="50,100" prob="1.0"/>
	<item name="resourceCobblestones" count="150,300" prob="1.0"/>
	<item name="resourceCrushedSand" count="500,800" prob="1.0"/>
	<item name="resourceCement" count="500,800" prob="1.0"/>
	<item name="resourceForgedIron" count="150,300" loot_prob_template="GradeBLoot"/>
	<item name="resourceConcreteMix" count="500,800" loot_prob_template="GradeBLoot"/>
	<item name="resourceForgedSteel" count="150,300" loot_prob_template="GradeCLoot"/>
</lootgroup>
<!--	questConstructionExtras
electricwirerelay
cntSecureStorageChest
ceilingLight01_player
ladderWood
ironDoor1_v1
motionsensor
generatorbank
batterybank
cntFridgeStainlessSteel
garageDoorHouse
vaultHatch_v1
vaultDoor01
crushedCars
solarCell
-->
<lootgroup name="questConstructionExtras">
	<item name="electricwirerelay" count="5,10" prob="0.5"/>
	<item name="cntSecureStorageChest" count="1,10" loot_prob_template="GradeALoot"/>
	<item name="ceilingLight01_player" count="5,10" loot_prob_template="GradeALoot"/>	
	<item name="ladderWood" count="15,30" loot_prob_template="GradeALoot"/>
	<item name="ironDoor1_v1" count="2,10" loot_prob_template="GradeBLoot"/>
	<item name="motionsensor" count="1,5" loot_prob_template="GradeBLoot"/>
	<item name="generatorbank" count="1,5" loot_prob_template="GradeBLoot"/>
	<item name="batterybank" count="1,5" loot_prob_template="GradeBLoot"/>	
	<item name="cntFridgeStainlessSteel" count="1,5" loot_prob_template="GradeBLoot"/>
	<item name="garageDoorHouse" count="1,5" loot_prob_template="GradeBLoot"/>
	<item name="vaultHatch_v1" count="2,10" loot_prob_template="GradeCLoot"/>
	<item name="vaultDoor01" count="2,10" loot_prob_template="GradeCLoot"/>
	<item name="crushedCars" count="15,30" loot_prob_template="GradeCLoot"/>
	<item name="solarCell" count="1,5" loot_prob_template="GradeCLoot"/>
</lootgroup>
<!--	questBaseDefense
barbedWireSheet
trapSpikesWoodDmg0
pressureplate
autoTurret
motionsensor
electricfencepost
dartTrap
woodLogSpike1
bladeTrap
trapSpikesIronDmg0
steelLogSpike6
-->
<lootgroup name="questBaseDefense">
	<item name="barbedWireSheet" count="15,30" loot_prob_template="GradeALoot"/>
	<item name="trapSpikesWoodDmg0" count="15,30" loot_prob_template="GradeALoot"/>
	<item name="pressureplate" count="15,30" loot_prob_template="GradeALoot"/>
	<item name="autoTurret" count="1,5" loot_prob_template="GradeALoot"/>
	<item name="motionsensor" count="1,5" loot_prob_template="GradeBLoot"/>
	<item name="electricfencepost" count="2,6" loot_prob_template="GradeBLoot"/>
	<item name="dartTrap" count="1,5" loot_prob_template="GradeBLoot"/>
	<item name="woodLogSpike1" count="15,30" loot_prob_template="GradeBLoot"/>
	<item name="bladeTrap" count="1,5" loot_prob_template="GradeCLoot"/>
	<item name="trapSpikesIronDmg0" count="15,30" loot_prob_template="GradeCLoot"/>
	<item name="steelLogSpike6" count="10,25" loot_prob_template="GradeCLoot"/>
</lootgroup>

<lootgroup name="questConstruction">
	<item group="questConstructionBlocks" count="1"/>
	<item group="questConstructionMaterials" count="1"/>
	<item group="questConstructionExtras" count="1"/>
	<item group="questBaseDefense" count="1"/>
</lootgroup>
</append>

<!-- ~~~~~~~~~~~~~~~~~~~~~~~~~~~~~~~~~~~~~~~~~~~~~~~~~~~~~~~~~~~~~~~~~~ -->
<!-- ~~~~~~~~~~~~~~~~~~~~~~~ENVIRONMENT CLEANUP~~~~~~~~~~~~~~~~~~~~~~~~ -->
<!-- ~~~~~~~~~~~~~~~~~~~~~~~~~~~~~~~~~~~~~~~~~~~~~~~~~~~~~~~~~~~~~~~~~~ -->
<setattribute xpath='/lootcontainers/lootcontainer[@id="10"]' name="destroy_on_close">true</setattribute>

<!-- ~~~~~~~~~~~~~~~~~~~~~~~~~~~~~~~~~~~~~~~~~~~~~~~~~~~~~~~~~~~~~~~~~~ -->
<!-- ~~~~~~~~~~~~~~~~~~~~~~~~~GENERIC ITEMS~~~~~~~~~~~~~~~~~~~~~~~~~~~~ -->
<!-- ~~~~~~~~~~~~~~~~~~~~~~~~~~~~~~~~~~~~~~~~~~~~~~~~~~~~~~~~~~~~~~~~~~ -->
<append xpath="/lootcontainers/lootcontainer[@id='5']">
	<item name="Coking Coal1" count="1,2"/>
</append>	

<!-- ~~~~~~~~~~~~~~~~~~~~~~~~~~~~~~~~~~~~~~~~~~~~~~~~~~~~~~~~~~~~~~~~~~ -->
<!-- ~~~~~~~~~~~~~~~~~~~~~~~~~Oil Extractor~~~~~~~~~~~~~~~~~~~~~~~~~~~~ -->
<!-- ~~~~~~~~~~~~~~~~~~~~~~~~~~~~~~~~~~~~~~~~~~~~~~~~~~~~~~~~~~~~~~~~~~ -->
<append xpath="/lootcontainers" >
	<lootcontainer id="225" count="1,50" size="8,9" sound_open="forge_open" sound_close="forge_close" destroy_on_close="true" loot_quality_template="baseTemplate" >
		<item name="resourceOilShale" count="1,50" prob="0.4"/>
		<item name="ammoGasCan" count="1,75" prob="0.6"/>
		<item name="resourceOil" count="0,3" prob="0.2"/>
		<item name="terrOreOilDeposit" count="0,25" prob="0.2"/>
		<item name="terrOreSandPlusOil" count="0,25" prob="0.2"/>
		<item name="resourceParaffinWax" count="0,2" prob="0.2"/>
		<item name="terrAsphalt" count="0,25" prob="0.2"/>
		<item name="resourceTar" count="0,2" prob="0.2"/>
	</lootcontainer>
</append>


<!-- ~~~~~~~~~~~~~~~~~~~~~~~~~~~~~~~~~~~~~~~~~~~~~~~~~~~~~~~~~~~~~~~~~~ -->
<!-- ~~~~~~~~~~~~~~~~~~~~~~~~~Power Tools~~~~~~~~~~~~~~~~~~~~~~~~~~~~~~ -->
<!-- ~~~~~~~~~~~~~~~~~~~~~~~~~~~~~~~~~~~~~~~~~~~~~~~~~~~~~~~~~~~~~~~~~~ -->
<insertAfter xpath="/lootcontainers/lootgroup[@name='questChallenge']">
	<lootgroup name="drillgun" count="all">
		<item name="mayicDrillGun" count="1"/>
		<item name="mayicDrillBattery" count="1,3"/>
	</lootgroup>
	
	<lootgroup name="modMotorToolStuff" count="1">
		<item name="modReserveGasTank1"/>
		<item name="modGasTank1"/>
		<item name="modBetterHandles"/>	
		<item name="modEngineTurbo1"/>		
		<item name="modDiamondTip1"/>
		<item name="modChainsawTemperedFrame1"/>			
		<item name="modEngineTurbo2"/>
		<item name="modGasTank2"/>		
		<item name="modReserveGasTank2"/>		
		<item name="modMotorToolExtension1"/>
		<item name="modMotorToolExtension2"/>		
		<item name="modDiamondTip2"/>	
		<item name="modMotorToolSilencer"/>
		<item name="modChainsawTemperedFrame2"/>		
		<item name="modEngineTurbo3"/>
		<item name="modGasTank3"/>
		<item name="modReserveGasTank3"/>
		<item name="modMotorToolExtension3"/>
		<item name="modDiamondTip3"/>
		<item name="modChainsawTemperedFrame3"/>
		<item name="Quicker Fixer Upper"/>
		<item name="mayicDrillGun"/>
		<item name="mayicDrillBattery"/>
	</lootgroup>
</insertAfter>

<append xpath="/lootcontainers/lootgroup[@name='rareBooks']">
		<item name="modEngineTurbo1Schematic"/>
		<item name="modEngineTurbo2Schematic"/>
		<item name="modEngineTurbo3Schematic"/>
		<item name="modGasTank1Schematic"/>
		<item name="modGasTank2Schematic"/>
		<item name="modGasTank3Schematic"/>	
		<item name="modReserveGasTank1Schematic"/>
		<item name="modReserveGasTank2Schematic"/>		
		<item name="modReserveGasTank3Schematic"/>
		<item name="modMotorToolExtension1Schematic"/>
		<item name="modMotorToolExtension2Schematic"/>
		<item name="modMotorToolExtension3Schematic"/>
		<item name="modDiamondTip1Schematic"/>
		<item name="modDiamondTip2Schematic"/>	
		<item name="modDiamondTip3Schematic"/>
		<item name="modBetterHandlesSchematic"/>		
		<item name="modMotorToolSilencerSchematic"/>
		<item name="modChainsawTemperedFrame1Schematic"/>
		<item name="modChainsawTemperedFrame2Schematic"/>
		<item name="modChainsawTemperedFrame3Schematic"/>
		<item name="Quicker Fixer Upper Schematic"/>
</append>

<append xpath="lootcontainers/lootgroup[@name='tools']">
		<item group="drillgun" prob=".2"/>
		<item group="modMotorToolStuff" prob=".2"/>
</append>

<append xpath="lootcontainers/lootgroup[@name='rareTools']">
		<item group="drillgun" prob=".5"/>
		<item group="modMotorToolStuff" prob=".5"/>
</append>

<append xpath="lootcontainers/lootgroup[@name='questTools']">
		<item group="drillgun" loot_prob_template="GradeBLoot"/>
		<item group="modMotorToolStuff" loot_prob_template="GradeBLoot"/>
</append>

<append xpath="lootcontainers/lootgroup[@name='workingStiffs']">
		<item group="modMotorToolStuff"/>
</append>

<append xpath="/lootcontainers/lootgroup[@name='modMeleeT1']">
		<item name="modReserveGasTank1"/>
		<item name="modGasTank1"/>
		<item name="modBetterHandles"/>	
		<item name="modEngineTurbo1"/>		
		<item name="modDiamondTip1"/>
		<item name="modChainsawTemperedFrame1"/>
</append>	

<append xpath="/lootcontainers/lootgroup[@name='modMeleeT2']">	
		<item name="modEngineTurbo2"/>
		<item name="modGasTank2"/>		
		<item name="modReserveGasTank2"/>		
		<item name="modMotorToolExtension1"/>
		<item name="modMotorToolExtension2"/>		
		<item name="modDiamondTip2"/>	
		<item name="modMotorToolSilencer"/>
		<item name="modChainsawTemperedFrame2"/>
</append>

<append xpath="/lootcontainers/lootgroup[@name='modMeleeT3']">
		<item name="modEngineTurbo3"/>
		<item name="modGasTank3"/>
		<item name="modReserveGasTank3"/>
		<item name="modMotorToolExtension3"/>
		<item name="modDiamondTip3"/>
		<item name="modChainsawTemperedFrame3"/>
</append>

<!-- garage stuff, tools, etc -->
<append xpath="/lootcontainers/lootcontainer[@id='22']">
	<item group="modMotorToolStuff" count="1" prob="0.005"/>
</append> 
		
<!-- construction supplies shipping crate -->	
<!--  THIS MIGHT BE TOSSING AN ERROR?
<append xpath="/lootcontainers/lootcontainer[@id='88']">
	<item group="modMotorToolStuff" count="1" prob="0.01"/>
</append>	
-->
<!-- cntCollapsedWorkbench -->
<append xpath="/lootcontainers/lootcontainer[@id='92']">
	<item group="modMotorToolStuff" count="1" prob="0.01"/>
</append>

<!-- ~~~~~~~~~~~~~~~~~~~~~~~~~~~~~~~~~~~~~~~~~~~~~~~~~~~~~~~~~~~~~~~~~~ -->
<!-- ~~~~~~~~~~~~~~~~~~~~~~~ZOMBIE KILLER~~~~~~~~~~~~~~~~~~~~~~~~~~~~~~ -->
<!-- ~~~~~~~~~~~~~~~~~~~~~~~~~~~~~~~~~~~~~~~~~~~~~~~~~~~~~~~~~~~~~~~~~~ -->
<!-- 	Loot Group Index
questKillerAmmo
questKillerArmor
questKillerGuns
questKillerMelee
questKiller
-->
<append xpath="/lootcontainers" >
<!--	questKillerAmmo
treasureAmmo
militaryAmmo
ammoRocket
ammoSteel
ammo
-->
<lootgroup name="questKillerAmmo" count="1">
	<item group="treasureAmmo" count="1"/>
	<item group="militaryAmmo" count="1"/>
	<item group="ammoRocket" count="1"/>
	<item group="ammoSteel" count="1"/>
	<item group="ammo" count="1"/>
</lootgroup>
<!--	questKillerArmor
Armor
steelArmor
ironArmor
scrapArmor
militaryArmor
leatherArmor
lightArmor
-->
<lootgroup name="questKillerArmor" count="1">
	<item group="Armor" count="1"/>
	<item group="steelArmor" count="1"/>
	<item group="ironArmor" count="1"/>
	<item group="scrapArmor" count="1"/>
	<item group="militaryArmor" count="1"/>
	<item group="leatherArmor" count="1"/>
	<item group="lightArmor" count="1"/>
</lootgroup>
<!--	questKillerGuns
questRanged
weaponsBasicGuns+ammo
modGunT1
modGunT2
modGunT3
-->
<lootgroup name="questKillerGuns" count="1">
	<item group="questRanged" count="1"/>
	<item group="weaponsBasicGuns+ammo" count="1"/>
	<item group="modGunT1" count="1"/>
	<item group="modGunT2" count="1"/>
	<item group="modGunT3" count="1"/>
</lootgroup>
<!--	questKillerMelee
weaponsMelee
modMeleeT1
modMeleeT2
modMeleeT3
modGunMeleeT2
modGunMeleeT3
-->
<lootgroup name="questKillerMelee" count="1">
	<item group="weaponsMelee" count="1"/>
	<item group="modMeleeT1" count="1"/>
	<item group="modMeleeT2" count="1"/>
	<item group="modMeleeT3" count="1"/>
	<item group="modGunMeleeT2" count="1"/>
	<item group="modGunMeleeT3" count="1"/>
</lootgroup>

<lootgroup name="questKiller">
	<item group="questKillerAmmo" count="1"/>
	<item group="questKillerArmor" count="1"/>
	<item group="questKillerGuns" count="1"/>
	<item group="questKillerMelee" count="1"/>
</lootgroup>
</append>

</Drs_GoldenRealm>