<Drs_GoldenRealm>

<append xpath="/materials">
	<material id="MresourceRefinedSilicon">
		<property name="damage_category" value="wood"/>
		<property name="surface_category" value="cloth"/>
		<property name="forge_category" value="resourceScrapPolymers"/>
		<property name="Experience" value="2"/>
	</material>
</append>

<!-- SANDBAGS -->
<append xpath="/materials">
	<material id="Msand">
		<property name="damage_category" value="earth"/>
		<property name="surface_category" value="earth"/>
		<property name="forge_category" value="resourceCrushedSand"/>
		<property name="Hardness" type="float" value="1"/>
		<property name="stepsound" value="sand"/>
		<property name="fertile_level" value="1"/>
		<property name="stability_glue" value="4"/>
		<property name="Mass" type="int" value="10"/>
		<property name="MaxDamage" value="100"/>
		<property name="Experience" value="2"/>
	</material>
	<material id="DRsand">
		<property name="damage_category" value="earth"/>
		<property name="surface_category" value="earth"/>
		<property name="forge_category" value="resourceCrushedSand"/>
		<property name="Hardness" type="float" value="1"/>
		<property name="stepsound" value="sand"/>
		<property name="stability_glue" value="4"/>
		<property name="Mass" type="int" value="10"/>
		<property name="MaxDamage" value="100"/>
		<property name="Experience" value="2"/>
	</material>
</append>

</Drs_GoldenRealm>