<!-- ~~~~~~~~~~~~~~~~~~~~~~~~~~~~~~~~~~~~~~~~~~~~~~~~~~~~~~~~~~~~~~~~~~ -->
<!-- ~~~~~~~~~~~~~~~~~~~~~~~~~~~~~~QUESTS~~~~~~~~~~~~~~~~~~~~~~~~~~~~~~ -->
<!-- ~~~~~~~~~~~~~~~~~~~~~~~~~~~~~~~~~~~~~~~~~~~~~~~~~~~~~~~~~~~~~~~~~~ -->

<!-- ~~~~~~~~~~~~~~~~~~~~QUESTS~~~~~~~~~~~~~~~~~~~~ -->
<!-- ~~~~~~~~~~~~~~~BASE CONSTRUCTOR~~~~~~~~~~~~~~~ -->
<!-- ~~~~~~~~~~~~~~~~~~~~~~~~~~~~~~~~~~~~~~~~~~~~~~ -->

<!-- ~~~~~~~~~~~~~~~~~~~~QUESTS~~~~~~~~~~~~~~~~~~~~ -->
<!-- ~~~~~~~~~~~~~~~BASE FINE TUNER~~~~~~~~~~~~~~~~ -->
<!-- ~~~~~~~~~~~~~~~~~~~~~~~~~~~~~~~~~~~~~~~~~~~~~~ -->

<!-- ~~~~~~~~~~~~~~~~~~~~QUESTS~~~~~~~~~~~~~~~~~~~~ -->
<!-- ~~~~~~~~~~~~~~~~~START QUESTS~~~~~~~~~~~~~~~~~ -->
<!-- ~~~~~~~~~~~~~~~~~~~~~~~~~~~~~~~~~~~~~~~~~~~~~~ -->

<!-- ~~~~~~~~~~~~~~~~~~~~QUESTS~~~~~~~~~~~~~~~~~~~~ -->
<!-- ~~~~~~~~~~~~~~~~ZOMBIE KILLER~~~~~~~~~~~~~~~~~ -->
<!-- ~~~~~~~~~~~~~~~~~~~~~~~~~~~~~~~~~~~~~~~~~~~~~~ -->

<!-- ~~~~~~~~~~~~~~~~~~~~QUESTS~~~~~~~~~~~~~~~~~~~~ -->
<!-- ~~~~~~~~~~~~~~~~ZOMBIE SPAWNER~~~~~~~~~~~~~~~~ -->
<!-- ~~~~~~~~~~~~~~~~~~~~~~~~~~~~~~~~~~~~~~~~~~~~~~ -->
	<!-- How to make a zombie spawner fit into the game in such a way that it feels like it is something that could actually belong?
	an electronic device that emits some sort of charge that insta spawns zombies, the device is used in the recipes to make a version of itself that has different spawn levels. The higher levels of spawning require more complicated recipes?
	something like deer urine for hunting.
	-->
	<!--items.xml-->
	<item name="Drs_Zombie_Spawner">
		<property name="Extends" value="questMaster" />
		<property name="CreativeMode" value="Player"/>
		<property name="Description" value="Drs_Construction_Loot_Box1" />
		<property name="CustomIcon" value="Drs_Construction_UnCrate"/>
		<property name="CustomIconTint" value="ffb300"/>
		<property name="Meshfile" value="Items/Misc/sackPrefab"/>
		<property name="DropMeshfile" value="Items/Misc/sack_droppedPrefab"/>
		<property name="HoldType" value="45"/>
		<property class="Action0">
			<property name="QuestGiven" value="Drs_Zombie_Spawner_50" />
		</property>	
	</item>
	<!--quests.xml-->
	<quest id="Drs_Zombie_Spawner_50">
		<property name="name" value="Zombie Spawn 50" />
		<property name="subtitle" value="Spawn 50 zombies." />
		<property name="description" value="Activate to spawn 50 zombies." />
		<property name="icon" value="ui_game_symbol_treasure" />
		<property name="repeatable" value="true" />
		<property name="category" value="treasure" />
		<property name="offer" value="Activate box to have rewards instantly placed into your inventory." />
		<property name="group_name" value="Base_Constructor_Rewards" />
		<property name="difficulty" value="veryeasy" />

		<reward type="Item" id="casinoCoin" value="300-1000" />
		<reward type="Item" id="resourceRepairKit" value="1-5" />
		<reward type="Item" id="ammoGasCan" value="300-1000" />
		<reward type="LootItem" id="questSkillBook" value="1" />
	</quest>

<!-- ~~~~~~~~~~~~~~~~~~~~~~~~~~~~~~~~~~~~~~~~~~~~~~~~~~~~~~~~~~~~~~~~~~ -->
<!-- ~~~~~~~~~~~~~~~~~~~~~~~QUEST LOOT BOXES~~~~~~~~~~~~~~~~~~~~~~~~~~~ -->
<!-- ~~~~~~~~~~~~~~~~~~~~~~~~~~~~~~~~~~~~~~~~~~~~~~~~~~~~~~~~~~~~~~~~~~ -->

<!-- ~~~~~~~~~~~~~~QUEST LOOT BOXES~~~~~~~~~~~~~~~~ -->
<!-- ~~~~~~~~~~~~~~~~~~~GENERIC~~~~~~~~~~~~~~~~~~~~ -->
<!-- ~~~~~~~~~~~~~~~~~~~~~~~~~~~~~~~~~~~~~~~~~~~~~~ -->
<!-- Traders Reward Loot 
		<reward type="Item" id="casinoCoin" value="300-1000" />
		<reward type="Item" id="resourceRepairKit" value="1-5" />
		<reward type="Item" id="ammoGasCan" value="300-1000" />
		<reward type="LootItem" id="questSkillBook" value="1" />
		-->
	<!--items.xml-->
	<item name="Drs_Trader_Reward_Loot">
		<property name="Extends" value="questMaster" />
		<property name="CreativeMode" value="Player"/>
		<property name="Description" value="Drs_Construction_Loot_Box1" />
		<property name="CustomIcon" value="Drs_Construction_UnCrate"/>
		<property name="CustomIconTint" value="ffb300"/>
		<property class="Action0">
			<property name="QuestGiven" value="Drs_Reward_Loot" />
		</property>
	</item>
	<!--quests.xml-->
	<quest id="Drs_Reward_Loot">
		<property name="name" value="Traders Reward Loot Box" />
		<property name="subtitle" value="Box of helpful things." />
		<property name="description" value="Activate box to have rewards instantly placed into your inventory." />
		<property name="icon" value="ui_game_symbol_treasure" />
		<property name="repeatable" value="true" />
		<property name="category" value="treasure" />
		<property name="offer" value="Activate box to have rewards instantly placed into your inventory." />
		<property name="group_name" value="Base_Constructor_Rewards" />
		<property name="difficulty" value="veryeasy" />

		<reward type="Item" id="casinoCoin" value="300-1000" />
		<reward type="Item" id="resourceRepairKit" value="1-5" />
		<reward type="Item" id="ammoGasCan" value="300-1000" />
		<reward type="LootItem" id="questSkillBook" value="1" />
	</quest>

	
<!-- ~~~~~~~~~~~~~~QUEST LOOT BOXES~~~~~~~~~~~~~~~~ -->
<!-- ~~~~~~~~~~~~~~~~~~~COMBAT~~~~~~~~~~~~~~~~~~~~~ -->
<!-- ~~~~~~~~~~~~~~~~~~~~~~~~~~~~~~~~~~~~~~~~~~~~~~ -->
	<!--items.xml-->
	<item name="Drs_Killer_Box_1">
		<property name="Extends" value="questMaster" />
		<property name="CreativeMode" value="Player"/>
		<property name="Description" value="Drs_Construction_Loot_Box1" />
		<property name="CustomIcon" value="Drs_Construction_UnCrate"/>
		<property name="CustomIconTint" value="ffb300"/>
		<property class="Action0">
			<property name="QuestGiven" value="loot_Killer_Box1" />
		</property>
	</item>
	<item name="Drs_Killer_Box_2">
		<property name="Extends" value="questMaster" />
		<property name="CreativeMode" value="Player"/>
		<property name="Description" value="Drs_Construction_Loot_Box1" />
		<property name="CustomIcon" value="Drs_Construction_UnCrate"/>
		<property name="CustomIconTint" value="ffb300"/>
		<property class="Action0">
			<property name="QuestGiven" value="loot_Killer_Box2" />
		</property>
	</item>
	<item name="Drs_Killer_Box_3">
		<property name="Extends" value="questMaster" />
		<property name="CreativeMode" value="Player"/>
		<property name="Description" value="Drs_Construction_Loot_Box1" />
		<property name="CustomIcon" value="Drs_Construction_UnCrate"/>
		<property name="CustomIconTint" value="ffb300"/>
		<property class="Action0">
			<property name="QuestGiven" value="loot_Killer_Box3" />
		</property>
	</item>
	<!--quests.xml-->
	<quest id="loot_Killer_Box1">
		<property name="name" value="Combat Loot Box" />
		<property name="subtitle" value="Box of combat related objects." />
		<property name="description" value="Activate box to have rewards instantly placed into your inventory." />
		<property name="icon" value="ui_game_symbol_treasure" />
		<property name="repeatable" value="true" />
		<property name="category" value="treasure" />
		<property name="offer" value="Activate box to have rewards instantly placed into your inventory." />
		<property name="group_name" value="Zombie_Killer_Rewards" />
		<property name="difficulty" value="veryeasy" />

		<reward type="LootItem" id="questKillerAmmo,questKillerAmmoSteel" value="11" />
		<reward type="LootItem" id="questKillerGuns" value="11" />
		<reward type="LootItem" id="questKillerMelee" value="11" />
		<reward type="LootItem" id="questArmor" value="11" />
		<reward type="LootItem" id="questRanged" value="11" />
		<reward type="LootItem" id="questMods" value="11" />
	</quest>
	<quest id="loot_Killer_Box2">
		<property name="name" value="Combat Loot Box" />
		<property name="subtitle" value="Box of combat related objects." />
		<property name="description" value="Activate box to have rewards instantly placed into your inventory." />
		<property name="icon" value="ui_game_symbol_treasure" />
		<property name="repeatable" value="true" />
		<property name="category" value="treasure" />
		<property name="offer" value="Activate box to have rewards instantly placed into your inventory." />
		<property name="group_name" value="Zombie_Killer_Rewards" />
		<property name="difficulty" value="veryeasy" />

		<reward type="LootItem" id="questKillerAmmo,questKillerAmmoSteel" value="14" />
		<reward type="LootItem" id="questKillerGuns" value="14" />
		<reward type="LootItem" id="questKillerMelee" value="14" />
		<reward type="LootItem" id="questArmor" value="14" />
		<reward type="LootItem" id="questRanged" value="14" />
		<reward type="LootItem" id="questMods" value="14" />
	</quest>
	<quest id="loot_Killer_Box3">
		<property name="name" value="Combat Loot Box" />
		<property name="subtitle" value="Box of combat related objects." />
		<property name="description" value="Activate box to have rewards instantly placed into your inventory." />
		<property name="icon" value="ui_game_symbol_treasure" />
		<property name="repeatable" value="true" />
		<property name="category" value="treasure" />
		<property name="offer" value="Activate box to have rewards instantly placed into your inventory." />
		<property name="group_name" value="Zombie_Killer_Rewards" />
		<property name="difficulty" value="veryeasy" />

		<reward type="LootItem" id="questKillerAmmo,questKillerAmmoSteel" value="16" />
		<reward type="LootItem" id="questKillerGuns" value="16" />
		<reward type="LootItem" id="questKillerMelee" value="16" />
		<reward type="LootItem" id="questArmor" value="16" />
		<reward type="LootItem" id="questRanged" value="16" />
		<reward type="LootItem" id="questMods" value="16" />
	</quest>
	
<!-- ~~~~~~~~~~~~~~QUEST LOOT BOXES~~~~~~~~~~~~~~~~ -->
<!-- ~~~~~~~~~~~~~~~~CONSTRUCTION~~~~~~~~~~~~~~~~~~ -->
<!-- ~~~~~~~~~~~~~~~~~~~~~~~~~~~~~~~~~~~~~~~~~~~~~~ -->
	<!--items.xml-->
	<item name="Drs_Construction_Box_1">
		<property name="Extends" value="questMaster" />
		<property name="CreativeMode" value="Player"/>
		<property name="Description" value="Drs_Construction_Loot_Box1" />
		<property name="CustomIcon" value="Drs_Construction_UnCrate"/>
		<property class="Action0">
			<property name="QuestGiven" value="loot_BaseConstructor_Box1" />
		</property>
	</item>
	<item name="Drs_Construction_Box_2">
		<property name="Extends" value="questMaster" />
		<property name="CreativeMode" value="Player"/>
		<property name="Description" value="Drs_Construction_Loot_Box1" />
		<property name="CustomIcon" value="Drs_Construction_UnCrate"/>
		<property name="Meshfile" value="Items/Misc/sackPrefab"/>
		<property class="Action0">
			<property name="QuestGiven" value="loot_BaseConstructor_Box2" />
		</property>
		<property name="SellableToTrader" value="false"/>
	</item>
	<item name="Drs_Construction_Box_3">
		<property name="Extends" value="questMaster" />
		<property name="CreativeMode" value="Player"/>
		<property name="Description" value="Drs_Construction_Loot_Box1" />
		<property name="CustomIcon" value="Drs_Construction_UnCrate"/>
		<property name="Meshfile" value="Items/Misc/sackPrefab"/>
		<property class="Action0">
			<property name="QuestGiven" value="loot_BaseConstructor_Box3" />
		</property>
		<property name="SellableToTrader" value="false"/>
	</item>
	<!--quests.xml-->
	<quest id="loot_BaseConstructor_Box1">
		<property name="name" value="Construction Loot Box" />
		<property name="subtitle" value="Box of construction related objects." />
		<property name="description" value="Activate box to have rewards instantly placed into your inventory." />
		<property name="icon" value="ui_game_symbol_treasure" />
		<property name="repeatable" value="true" />
		<property name="category" value="treasure" />
		<property name="offer" value="Activate box to have rewards instantly placed into your inventory." />
		<property name="group_name" value="Base_Constructor_Rewards" />
		<property name="difficulty" value="veryeasy" />

		<reward type="LootItem" id="questConstructionBlocks" value="11" />
		<reward type="LootItem" id="questConstructionMaterials" value="11" />
		<reward type="LootItem" id="questConstructionExtras" value="11" />
		<reward type="LootItem" id="questBaseDefense" value="11" />
		<reward type="LootItem" id="questTools" value="11" />
		<reward type="Item" id="WorkOrderQuestSchematic1" value="1" />
	</quest>


<!-- ~~~~~~~~~~~~~~QUEST LOOT BOXES~~~~~~~~~~~~~~~~ -->
<!-- ~~~~~~~~~~~~~~~~~~MEDICINAL~~~~~~~~~~~~~~~~~~~ -->
<!-- ~~~~~~~~~~~~~~~~~~~~~~~~~~~~~~~~~~~~~~~~~~~~~~ -->
	<!--items.xml-->
	<item name="Drs_FirstAid_Kit">
		<property name="Extends" value="questMaster" />
		<property name="CreativeMode" value="Player"/>
		<property name="Description" value="Drs_Construction_Loot_Box1" />
		<property name="CustomIcon" value="Drs_Construction_UnCrate"/>
		<property name="CustomIconTint" value="ffb300"/>
		<property class="Action0">
			<property name="QuestGiven" value="loot_FirstAid_Kit" />
		</property>
	</item>
	<!--quests.xml-->
	<quest id="loot_FirstAid_Kit">
		<property name="name" value="Drs First Aid Kit" />
		<property name="subtitle" value="All this healing!" />
		<property name="description" value="Activate kit to have rewards instantly placed into your inventory." />
		<property name="icon" value="ui_game_symbol_treasure" />
		<property name="repeatable" value="true" />
		<property name="category" value="treasure" />
		<property name="offer" value="Activate box to have rewards instantly placed into your inventory." />
		<property name="group_name" value="loot_FirstAid_" />
		<property name="difficulty" value="veryeasy" />

		<reward type="Item" id="drinkJarGoldenRodTea" value="2-10" />
		<reward type="Item" id="drinkJarGrainAlcohol" value="2-10" />
		<reward type="Item" id="drinkJarRedTea" value="2-10" />
		<reward type="LootItem" id="herbalRecipes" value="1" />
	</quest>


<!-- ~~~~~~~~~~~~~~~~~~~~~~~~~~~~~~~~~~~~~~~~~~~~~~~~~~~~~~~~~~~~~~~~~~ -->
<!-- ~~~~~~~~~~~~~~~~~~~~~~~~~START QUESTS~~~~~~~~~~~~~~~~~~~~~~~~~~~~~ -->
<!-- ~~~~~~~~~~~~~~~~~~~~~~~~~~~~~~~~~~~~~~~~~~~~~~~~~~~~~~~~~~~~~~~~~~ -->


<!-- ~~~~~~~~~~~~~~~~~~~~~~~~~~~~~~~~~~~~~~~~~~~~~~~~~~ -->
<!-- ~~~~~~~~~~~~~~~~~~ZOMBIE KILLER~~~~~~~~~~~~~~~~~~~ -->
<!-- ~~~~~~~~~~~~~~~~~~~~~~~~~~~~~~~~~~~~~~~~~~~~~~~~~~ -->
<!-- 	Loot Group Index
questKillerAmmo
questKillerArmor
questKillerGuns
questKillerMelee
questKiller
-->
<!--	questKillerAmmo
treasureAmmo
militaryAmmo
ammoRocket
ammoSteel
ammo
-->
<!--	questKillerArmor
Armor
steelArmor
ironArmor
scrapArmor
militaryArmor
leatherArmor
lightArmor
-->
<!--	questKillerGuns
questRanged
weaponsBasicGuns+ammo
modGunT1
modGunT2
modGunT3
-->
<!--	questKillerMelee
weaponsMelee
modMeleeT1
modMeleeT2
modMeleeT3
modGunMeleeT2
modGunMeleeT3
-->
